{
  "rootDir": "../../../",
  "moduleNameMapper": {
    "\\.(jpg|jpeg|png|gif|eot|otf|webp|svg|ttf|woff|woff2)$": "<rootDir>/node_modules/pc-nrfconnect-devdep/mocks/fileMock.js",
    "\\.(css|less)$": "<rootDir>/node_modules/pc-nrfconnect-devdep/mocks/styleMock.js",
    "nrfconnect/core": "<rootDir>/node_modules/pc-nrfconnect-devdep/mocks/coreMock.js",
    "pc-ble-driver-js": "<rootDir>/node_modules/pc-nrfconnect-devdep/mocks/bleDriverMock.js",
    "pc-nrfjprog-js": "<rootDir>/node_modules/pc-nrfconnect-devdep/mocks/nrfjprogMock.js",
    "serialport": "<rootDir>/node_modules/pc-nrfconnect-devdep/mocks/serialportMock.js",
    "usb": "<rootDir>/node_modules/pc-nrfconnect-devdep/mocks/usbMock.js"
  },
  "transform": {
    "^.+\\.jsx?$": "babel-jest"
  },
  "testURL": "file:/",
  "setupFilesAfterEnv": [
    "<rootDir>/node_modules/pc-nrfconnect-devdep/test/setupTests.js"
  ]
}
